Ratio,Year 1,Year 2,Year 3
Gross Margin,0.6,0.6,0.6
Operating Margin,0.5411428571,0.5427777778,0.544367284
Net Profit Margin,0.4214857143,0.4236402116,0.4256956692
Expense Ratio,0.05885714286,0.05722222222,0.05563271605
COGS Ratio,0.4,0.4,0.4
Revenue Growth,,0,0
Net Profit Growth,,0.08552060738,0.08524004596